signal_id,signal_time_jst,signal_time_unix,symbol,mc_band,mc,liquidity,entry_price,sl_price,tp_price,rr_ratio,atr,vwap,rsi,vol_surge,score_total,score_volume,score_vwap,score_rsi,score_liquidity,score_repro,score_penalty,score_pps_bonus,pps,pps_label,range_pct,vwap_dev,signal_count,success_count,success_rate,adjusted_rate,ohlcv_aggregate,rsi_overbought,atr_sl_mult,atr_tp_mult,volume_surge_min,notified,notify_threshold,gecko_url,pool_address,token_address,outcome_checked_at,price_15m,price_30m,price_60m,high_60m,low_60m,sl_hit,tp_hit,outcome,pnl_pct
c4966337,2026-02-26 08:02:58,1772060578,Lobstar,$1M〜$5M,3219857,265233,0.0031475985426849,0.0021513751460245,0.0047415559773416,1.6,0.0003984893586641,0.005825470904369,26.06,0.89,25,0.0,0.0,0.0,15.0,0.0,0.0,10.0,5,強い安値圏,0.03,-45.97,5,0,0.0,0.25,15,75,2.5,4.0,3.0,False,70,https://www.geckoterminal.com/solana/pools/AADJrfmWoHVXZhF1UkbHvNC5tqrBpkGdSaxtMYteDm2x,AADJrfmWoHVXZhF1UkbHvNC5tqrBpkGdSaxtMYteDm2x,AVF9F4C4j8b1Kh4BmNHqybDaHgnZpJ7W7yLvL7hUpump,2026-02-26 09:16:55,0.0032717858200498,0.0038747022672917,0.0043562829394579,0.0046582222492097,0.0029748133427702,False,False,WIN+,38.4
912426da,2026-02-26 08:03:00,1772060580,GME,$1M〜$5M,4793203,1272758,0.0006961666730911,0.0006593183520948,0.0007551239866853,1.6,1.4739328398540192e-05,0.0007714289969358,41.62,0.19,25,0.0,0.0,0.0,15.0,4.7,0.0,5.0,4,やや安値圏,0.324,-9.76,10,3,0.3,0.367,15,75,2.5,4.0,3.0,False,70,https://www.geckoterminal.com/solana/pools/9tz6vYKiBDLYx2RnGWC5tESu4pyVE4jD6Tm56352UGte,9tz6vYKiBDLYx2RnGWC5tESu4pyVE4jD6Tm56352UGte,8wXtPeU6557ETkp9WHFY1n1EcU6NxDvbAggHGsMYiHsB,2026-02-26 09:16:58,0.0006996244944721,0.0006925522429968,0.0006774362972067,0.0006996244944721,0.0006744744757345,False,False,LOSS-,-2.69
e5276343,2026-02-26 08:03:03,1772060583,gork,$300K〜$1M,879648,130309,0.0008823550282677,0.0007517351704711,0.001100054791262,1.67,4.353995259886636e-05,0.0011388310945798,19.31,0.28,26,0.0,0.0,0.0,15.0,0.8,0.0,10.0,5,強い安値圏,0.313,-22.52,3,0,0.0,0.312,5,85,3.0,5.0,4.0,False,70,https://www.geckoterminal.com/solana/pools/AZmU4Bv6TPHimgqBe5eRsRQ18KKKr2aemHdqmfbVKqvr,AZmU4Bv6TPHimgqBe5eRsRQ18KKKr2aemHdqmfbVKqvr,76EDL5qNcte2ZH29quTaFzagXjWAEY83CATEjyA6pump,2026-02-26 09:17:01,0.0008846721220798,0.0008601643304904,0.001023514126466,0.0010609519034573,0.0008601643304904,False,False,WIN+,16.0
6942ce91,2026-02-26 08:03:06,1772060586,gork,$1M〜$5M,1979600,167716,0.0020944385425137,0.0008994839562518,0.0040063658805328,1.6,0.0004779818345047,0.0012211145326321,74.51,0.21,47,0.0,20.0,20.0,15.0,1.6,0.0,-10.0,1,強い高値圏,0.614,71.52,6,1,0.167,0.318,15,75,2.5,4.0,3.0,False,70,https://www.geckoterminal.com/solana/pools/FTVfrnFb48apSPKTBkB5cdTu6AiTRSX5wdV68uTrPiWu,FTVfrnFb48apSPKTBkB5cdTu6AiTRSX5wdV68uTrPiWu,gorkrgj6k4K449Qa4eF1NaWC5cNLQtMsVEikhpGn7fC,2026-02-26 09:17:04,0.0019661682878004,0.0014265017227182,0.0010153844398617,0.0027502474560854,0.0009589290317557,False,False,LOSS-,-51.52
57a12175,2026-02-26 08:03:39,1772060619,GROKIUS,$1M〜$5M,2723136,179065,0.0027404078219373,0.0022334050417999,0.0035516122701573,1.6,0.0002028011120549,0.0034150462862356,35.46,0.22,25,0.0,0.0,0.0,15.0,0.0,0.0,10.0,5,強い安値圏,0.084,-19.75,12,0,0.0,0.147,15,75,2.5,4.0,3.0,False,70,https://www.geckoterminal.com/solana/pools/HUsE3ouq2rL2egjy1hURxYiiQw4uuv4QDdvpYedQ8Rdh,HUsE3ouq2rL2egjy1hURxYiiQw4uuv4QDdvpYedQ8Rdh,67ezHLk8PUkjJCXjmmgPbx85VowA52ghfRXa9A8Tpump,2026-02-26 09:17:07,0.0026210821912575,0.0024700623437204,0.0021318664814322,0.0027781233771425,0.0020233498791521,True,False,LOSS,-22.21
5f465afc,2026-02-26 08:03:41,1772060621,DARWIN,$300K〜$1M,634786,71955,0.000643858566312,0.0002850910957912,0.0012418043505135,1.67,0.0001195891568402,0.0005471623201727,49.68,0.43,37,0.0,20.0,0.0,15.0,2.0,0.0,0.0,3,中間,0.305,17.67,5,1,0.2,0.35,5,85,3.0,5.0,4.0,False,70,https://www.geckoterminal.com/solana/pools/J8TNxugiH4QFC9Btciknngt9xozrV4Pq1Qqj9Ak6g1XV,J8TNxugiH4QFC9Btciknngt9xozrV4Pq1Qqj9Ak6g1XV,3o28iKESnNvi7xQcPTxg9aczjzqZN6BzugJFMRHYpump,2026-02-26 09:17:10,0.0006570085646038,0.0008101427212632,0.0008472446395804,0.0008889042609468,0.0005943566505734,False,False,WIN+,31.59
bba025f4,2026-02-26 08:04:14,1772060654,Pippkin,$1M〜$5M,2919801,159000,0.0028928281268529,0.0018411131272902,0.0045755721261533,1.6,0.000420685999825,0.0031669908894458,48.38,0.18,20,0.0,0.0,0.0,15.0,0.4,0.0,5.0,4,やや安値圏,0.306,-8.66,4,0,0.0,0.278,15,75,2.5,4.0,3.0,False,70,https://www.geckoterminal.com/solana/pools/GGTdMaanNbGtDd8pGq6JbbSVBcEWbPTggy1VN5TFxDV3,GGTdMaanNbGtDd8pGq6JbbSVBcEWbPTggy1VN5TFxDV3,6ydMmFRaNt4AHBjgvSogbBvcxnTrX3QzUe2AEzVppump,2026-02-26 09:17:43,0.0027946566875345,0.0028893825172376,0.0026369599718494,0.0031419382559789,0.0026027792659772,False,False,LOSS-,-8.84
ee8ca39b,2026-02-26 08:04:17,1772060657,AgenC,$1M〜$5M,1791167,126777,0.0018372995800179,0.0010513699025875,0.0030947870639065,1.6,0.0003143718709721,0.0022034976673924,36.05,0.47,21,0.0,0.0,0.0,15.0,0.8,0.0,5.0,4,やや安値圏,0.373,-16.62,3,0,0.0,0.312,15,75,2.5,4.0,3.0,False,70,https://www.geckoterminal.com/solana/pools/BUMh6YebpBvAh4by4oTGJUvzQ9CvH6dqPgrZvXFDMwC1,BUMh6YebpBvAh4by4oTGJUvzQ9CvH6dqPgrZvXFDMwC1,5yC9BM8KUsJTPbWPLfA2N8qH1s9V8DQ3Vcw1G6Jdpump,2026-02-26 09:18:16,0.0017887794949005,0.0017459616368898,0.0018487835774576,0.00193851582961,0.0015878679262917,False,False,WIN+,0.63
e7662adc,2026-02-26 08:04:30,1772060670,PENGUIN,$5M〜$50M,7004410,455305,0.0069380279684473,0.0066146804143457,0.0075038861881252,1.75,0.0001616737770508,0.0070787774435488,36.51,0.04,20,0.0,0.0,0.0,15.0,0.0,0.0,5.0,4,やや安値圏,0.315,-1.99,22,0,0.0,0.093,15,72,2.0,3.5,2.0,False,70,https://www.geckoterminal.com/solana/pools/DRAf8QxQY86h7yeHdo9GytXAF6GoTTT8oZjknwXV6dCS,DRAf8QxQY86h7yeHdo9GytXAF6GoTTT8oZjknwXV6dCS,8Jx8AAHj86wbQgUTjGuj6GTTL5Ps3cqxKRTvpaJApump,2026-02-26 09:18:19,0.0069478549049029,0.0069143975070561,0.0070476612801158,0.0070476612801158,0.0068033384069124,False,False,WIN+,1.58
ba74d8c8,2026-02-26 08:04:42,1772060682,maxxing,$1M〜$5M,3045531,216672,0.0029994616540735,0.0022212659196956,0.0042445748290781,1.6,0.0003112782937511,0.0029949723615965,39.12,0.03,37,0.0,20.0,0.0,15.0,2.2,0.0,0.0,3,中間,0.421,0.15,4,1,0.25,0.389,15,75,2.5,4.0,3.0,False,70,https://www.geckoterminal.com/solana/pools/DMnTidVC8dMxRxUzFyZ4StQkbS4R8ACwxhNsEyi6u3Lx,DMnTidVC8dMxRxUzFyZ4StQkbS4R8ACwxhNsEyi6u3Lx,32CdQdBUxbCsLy5AUHWmyidfwhgGUr9N573NBUrDpump,2026-02-26 09:18:32,0.0032820738495273,0.0031679136729568,0.0033154593854165,0.0034834185834278,0.002978131683513,False,False,WIN+,10.54
63fc98f2,2026-02-26 08:14:33,1772061273,AUTISM,$300K〜$1M,959495,95550,0.0009491412640578,0.0007189817173701,0.0013327405085373,1.67,7.671984889589663e-05,0.0011575040137539,29.58,1.76,31,0.0,0.0,0.0,15.0,5.5,0.0,10.0,5,強い安値圏,0.265,-18.0,8,3,0.375,0.423,5,85,3.0,5.0,4.0,False,70,https://www.geckoterminal.com/solana/pools/8QYcaoqEcJ12N1CE5Wn8YqoDAidM3kH4QL9o78ibEE8w,8QYcaoqEcJ12N1CE5Wn8YqoDAidM3kH4QL9o78ibEE8w,8jiVXftnn2ZG6bugK7HAH5j2G3D6TpsG521gqsWwpump,2026-02-26 09:18:44,0.0009230483258066,0.0008558015702927,0.0008489288612622,0.0010326475778256,0.0006695829098389,True,False,LOSS,-10.56
dd4ce979,2026-02-26 08:14:35,1772061275,PMPR,$300K〜$1M,604551,70129,0.0005949633452699,0.0003596765310725,0.000987108035599,1.67,7.842893806580424e-05,0.0007007018567742,39.54,1.0,24,0.0,0.0,0.0,15.0,4.0,0.0,5.0,4,やや安値圏,0.301,-15.09,5,2,0.4,0.45,5,85,3.0,5.0,4.0,False,70,https://www.geckoterminal.com/solana/pools/BCH5me3iiBAYviFWdzH134JVGN6UdbUMbGMJJhT8JJ4K,BCH5me3iiBAYviFWdzH134JVGN6UdbUMbGMJJhT8JJ4K,AX9D7Nqtu3enaeL4ELxoagsNV7AyEQEhK2ziwiyJpump,2026-02-26 09:18:58,0.0004929974165707,0.0006098441307887,0.0005701296452879,0.0006812968401112,0.0004816240941326,False,False,LOSS-,-4.17
c9de24d0,2026-02-26 08:14:38,1772061278,gork,$1M〜$5M,4765095,646298,0.0049960556370198,0.00135424014096,0.0108229604307155,1.6,0.0014567261984239,0.0073860488781893,27.79,0.66,29,0.0,0.0,0.0,15.0,4.2,0.0,10.0,5,強い安値圏,0.32,-32.36,19,6,0.316,0.354,15,75,2.5,4.0,3.0,False,70,https://www.geckoterminal.com/solana/pools/37iWFSqgnTSAfShoBTBzQghwsTtkWAZW3yVzgJWKn6iK,37iWFSqgnTSAfShoBTBzQghwsTtkWAZW3yVzgJWKn6iK,38PgzpJYu2HkiYvV8qePFakB8tuobPdGm2FFEn7Dpump,2026-02-26 09:19:00,0.004719313577585,0.0045805356877713,0.0047932104969049,0.0051138000802546,0.0044505421031827,False,False,LOSS-,-4.06
5074ea67,2026-02-26 08:15:11,1772061311,67,$1M〜$5M,1900198,259674,0.0019206425327245,0.0016749441669596,0.0023137599179482,1.6,9.827934630593912e-05,0.0018620638600315,33.59,0.65,35,0.0,20.0,0.0,15.0,0.0,0.0,0.0,3,中間,0.456,3.15,10,0,0.0,0.167,15,75,2.5,4.0,3.0,False,70,https://www.geckoterminal.com/solana/pools/DMAFL613XTipuA3jFNYczavWT7XsiYf9cR3qmRMZQhB6,DMAFL613XTipuA3jFNYczavWT7XsiYf9cR3qmRMZQhB6,9AvytnUKsLxPxFHFqS6VLxaxt5p6BhYNr53SD2Chpump,2026-02-26 09:19:14,0.0019807428106661,0.0019384790760048,0.0019671325879561,0.0021451092002531,0.0018530998737803,False,False,WIN+,2.42
38707e1e,2026-02-26 08:15:13,1772061313,Punch,$5M〜$50M,21625749,722488,0.0215528183864927,0.0187768530071444,0.0264107578003522,1.75,0.0013879826896741,0.0314765666721569,30.3,0.01,25,0.0,0.0,0.0,15.0,0.0,0.0,10.0,5,強い安値圏,0.05,-31.53,17,0,0.0,0.114,15,72,2.0,3.5,2.0,False,70,https://www.geckoterminal.com/solana/pools/A6KHMiFzn9AM7VKBtVP4fZNY9bCo2jP63R9dphaW1vrq,A6KHMiFzn9AM7VKBtVP4fZNY9bCo2jP63R9dphaW1vrq,NV2RYH954cTJ3ckFUpvfqaQXU4ARqqDH3562nFSpump,2026-02-26 09:19:47,0.0222729295586585,0.0223848436179157,0.0234925698294717,0.0236769160981542,0.0213656830301393,False,False,WIN+,9.0
a850ac96,2026-02-26 08:19:33,1772061573,NIRE,$1M〜$5M,1267944,134864,0.0012696176621064,0.0002016645871046,0.0029783425821094,1.6,0.0004271812300007,0.0012535917700862,39.18,0.09,36,0.0,20.0,0.0,15.0,0.9,0.0,0.0,3,中間,0.362,1.28,2,0,0.0,0.357,15,75,2.5,4.0,3.0,False,70,https://www.geckoterminal.com/solana/pools/Gwqf2oUbkvWUVvPkp4NivcAgZMfUS845KX5cWfjrZW8D,Gwqf2oUbkvWUVvPkp4NivcAgZMfUS845KX5cWfjrZW8D,7nePAcJhg88s1KFJptgaBvzYgHaUDzddgU65Etvtpump,2026-02-26 09:31:55,0.0011118070734079,0.0012081017419631,0.0011847106293876,0.0015910546304041,0.0009035209499605,False,False,LOSS-,-6.69
0a998e4c,2026-02-26 08:24:32,1772061872,MOLTID,$1M〜$5M,1143608,129445,0.0011436086426827,0.0005662772908138,0.0020673388056731,1.6,0.0002309325407475,0.0010404054851345,67.57,0.7,50,0.0,20.0,20.0,15.0,0.4,0.0,-5.0,2,やや高値圏,0.645,9.92,4,0,0.0,0.278,15,75,2.5,4.0,3.0,False,70,https://www.geckoterminal.com/solana/pools/5yvbbB9pfgwMaPVKcjBiW6fcdqc4h15CKSinseu7jG85,5yvbbB9pfgwMaPVKcjBiW6fcdqc4h15CKSinseu7jG85,moLtguTf84g34S34PbnJDRKR1FXb5di1UCRsnB7hKjE,2026-02-26 09:31:58,0.0013199634925748,0.0012467763939221,0.0011743517740512,0.0014897089430776,0.0010711407727287,False,False,WIN+,2.69
8c2a62b9,2026-02-26 08:39:32,1772062772,WAR,$5M〜$50M,17440067,538122,0.0175439676896189,0.0163765680966773,0.0195869169772668,1.75,0.0005836997964708,0.0177499898334265,62.78,1.02,35,0.0,0.0,20.0,15.0,0.0,0.0,0.0,3,中間,0.385,-1.16,17,0,0.0,0.114,15,72,2.0,3.5,2.0,False,70,https://www.geckoterminal.com/solana/pools/qNAGLPKnYzNtf5iJHdki9Prgodgra5BnadACgecdsjw,qNAGLPKnYzNtf5iJHdki9Prgodgra5BnadACgecdsjw,8opvqaWysX1oYbXuTL8PHaoaTiXD69VFYAX4smPebonk,2026-02-26 09:46:55,0.0187091751266037,0.0176846433309516,0.0175295180092618,0.0189213827667181,0.0171392662480509,False,False,LOSS-,-0.08
305e045c,2026-02-26 08:44:32,1772063072,MACMINI,$1M〜$5M,2107533,145132,0.0020849894691318,0.0014020360573128,0.0031777149280422,1.6,0.0002731813647275,0.0023180971464525,36.54,0.11,20,0.0,0.0,0.0,15.0,0.0,0.0,5.0,4,やや安値圏,0.219,-10.06,16,1,0.062,0.167,15,75,2.5,4.0,3.0,False,70,https://www.geckoterminal.com/solana/pools/FV7QJ4FSZFpkvSNPEaJBZLVJxe4XjgoNFBwBGGf2vTRF,FV7QJ4FSZFpkvSNPEaJBZLVJxe4XjgoNFBwBGGf2vTRF,2QKrBtNECja4cJygxA7igwqxahs93GNmuQ2We2stpump,2026-02-26 09:46:58,0.0022199155441252,0.0021003118367896,0.0020491176598773,0.0022813300570475,0.0020339769174047,False,False,LOSS-,-1.72
6b5c910d,2026-02-26 09:04:32,1772064272,Pigeon,$1M〜$5M,2757574,211160,0.0027563665993104,0.0023146516523565,0.0034631105144366,1.6,0.0001766859787815,0.0023714073240747,53.16,0.62,50,0.0,20.0,20.0,15.0,0.0,0.0,-5.0,2,やや高値圏,0.637,16.23,23,1,0.043,0.125,15,75,2.5,4.0,3.0,False,70,https://www.geckoterminal.com/solana/pools/FXRvcgMQfgj3WrmUXGh8qhVLaU3Q4T7jQeKBoqhVecR7,FXRvcgMQfgj3WrmUXGh8qhVLaU3Q4T7jQeKBoqhVecR7,4fSWEw2wbYEUCcMtitzmeGUfqinoafXxkhqZrA9Gpump,2026-02-26 10:16:55,0.0028170600915756,0.0027760487931747,0.0026912283950905,0.0030075410928346,0.0025594666855539,False,False,LOSS-,-2.36
984fc107,2026-02-26 09:24:33,1772065473,gork,$5M〜$50M,5111985,673089,0.0050839521102052,0.0027796691319913,0.0091164473220794,1.75,0.0011521414891069,0.0073290033409033,36.37,0.13,26,0.0,0.0,0.0,15.0,6.2,0.0,5.0,4,やや安値圏,0.327,-30.63,21,8,0.381,0.404,15,72,2.0,3.5,2.0,False,70,https://www.geckoterminal.com/solana/pools/37iWFSqgnTSAfShoBTBzQghwsTtkWAZW3yVzgJWKn6iK,37iWFSqgnTSAfShoBTBzQghwsTtkWAZW3yVzgJWKn6iK,38PgzpJYu2HkiYvV8qePFakB8tuobPdGm2FFEn7Dpump,2026-02-26 10:31:55,0.0050957421719472,0.0047619334518483,0.0049467316617884,0.005241803242577,0.0046897732460296,False,False,LOSS-,-2.7
56802a58,2026-02-26 09:24:36,1772065476,Lobstar,$1M〜$5M,4966879,330424,0.0050139183359679,0.003731183787164,0.0070662936140543,1.6,0.0005130938195215,0.0055893913316991,66.89,1.03,41,0.0,0.0,20.0,15.0,0.8,0.0,5.0,4,やや安値圏,0.389,-10.3,3,0,0.0,0.312,15,75,2.5,4.0,3.0,False,70,https://www.geckoterminal.com/solana/pools/AADJrfmWoHVXZhF1UkbHvNC5tqrBpkGdSaxtMYteDm2x,AADJrfmWoHVXZhF1UkbHvNC5tqrBpkGdSaxtMYteDm2x,AVF9F4C4j8b1Kh4BmNHqybDaHgnZpJ7W7yLvL7hUpump,2026-02-26 10:31:58,0.0044345621488507,0.0047453821825873,0.0046802661377465,0.0053482004786223,0.0042414334424409,False,False,LOSS-,-6.65
227b0665,2026-02-26 09:24:38,1772065478,AgenC,$1M〜$5M,1967589,133408,0.0019679972159433,0.0012517597869784,0.0031139771022871,1.6,0.0002864949715859,0.0021981265660239,46.72,0.38,21,0.0,0.0,0.0,15.0,0.8,0.0,5.0,4,やや安値圏,0.4,-10.47,3,0,0.0,0.312,15,75,2.5,4.0,3.0,False,70,https://www.geckoterminal.com/solana/pools/BUMh6YebpBvAh4by4oTGJUvzQ9CvH6dqPgrZvXFDMwC1,BUMh6YebpBvAh4by4oTGJUvzQ9CvH6dqPgrZvXFDMwC1,5yC9BM8KUsJTPbWPLfA2N8qH1s9V8DQ3Vcw1G6Jdpump,2026-02-26 10:32:01,0.0020280524647534,0.0019039645770596,0.0017167180140554,0.0021104254197818,0.0016233079872575,False,False,LOSS-,-12.77
ec81a879,2026-02-26 09:25:11,1772065511,AUTISM,$300K〜$1M,874099,92318,0.000871746697927,0.0006605605646679,0.0012237235866922,1.67,7.039537775302989e-05,0.0010803420608739,46.95,0.02,21,0.0,0.0,0.0,15.0,0.9,0.0,5.0,4,やや安値圏,0.225,-19.31,2,0,0.0,0.357,5,85,3.0,5.0,4.0,False,70,https://www.geckoterminal.com/solana/pools/8QYcaoqEcJ12N1CE5Wn8YqoDAidM3kH4QL9o78ibEE8w,8QYcaoqEcJ12N1CE5Wn8YqoDAidM3kH4QL9o78ibEE8w,8jiVXftnn2ZG6bugK7HAH5j2G3D6TpsG521gqsWwpump,2026-02-26 10:32:03,0.0008670858072345,0.0007845372475763,0.0007867357928967,0.0009720191228022,0.000721400158123,False,False,LOSS-,-9.75
9f378702,2026-02-26 09:25:14,1772065514,Pippkin,$1M〜$5M,2512407,148774,0.002531056678749,0.0016187978042601,0.0039906708779312,1.6,0.0003649035497955,0.0032166783002864,38.04,0.44,25,0.0,0.0,0.0,15.0,0.0,0.0,10.0,5,強い安値圏,0.188,-21.31,13,0,0.0,0.139,15,75,2.5,4.0,3.0,False,70,https://www.geckoterminal.com/solana/pools/GGTdMaanNbGtDd8pGq6JbbSVBcEWbPTggy1VN5TFxDV3,GGTdMaanNbGtDd8pGq6JbbSVBcEWbPTggy1VN5TFxDV3,6ydMmFRaNt4AHBjgvSogbBvcxnTrX3QzUe2AEzVppump,2026-02-26 10:32:06,0.0024593241571738,0.0027431753421318,0.0028898765296679,0.002903375875702,0.002391366020599,False,False,WIN+,14.18
5471a1d1,2026-02-26 09:29:33,1772065773,Punch,$5M〜$50M,21700674,728502,0.0217335324679552,0.0185903785797029,0.0272340517723967,1.75,0.0015715769441261,0.0309441720595508,39.76,1.97,49,23.6,0.0,0.0,15.0,0.0,0.0,10.0,5,強い安値圏,0.057,-29.77,15,0,0.0,0.125,15,72,2.0,3.5,2.0,False,50,https://www.geckoterminal.com/solana/pools/A6KHMiFzn9AM7VKBtVP4fZNY9bCo2jP63R9dphaW1vrq,A6KHMiFzn9AM7VKBtVP4fZNY9bCo2jP63R9dphaW1vrq,NV2RYH954cTJ3ckFUpvfqaQXU4ARqqDH3562nFSpump,2026-02-26 10:32:09,0.0216362260505391,0.022359740877179,0.0232235186875824,0.0233411801060078,0.0211586940745036,False,False,WIN+,6.86
3a30d90a,2026-02-26 09:29:37,1772065777,DATACLAW,$300K〜$1M,555069,71607,0.0005451202791186,0.0003911159533098,0.0008017941554667,1.67,5.133477526961168e-05,0.0005482207993443,81.51,3.89,53,22.7,0.0,20.0,15.0,0.0,0.0,-5.0,2,やや高値圏,0.464,-0.57,23,0,0.0,0.089,5,85,3.0,5.0,4.0,True,50,https://www.geckoterminal.com/solana/pools/A9aoE41kUqsKcYGSr5hvhZ2hJF5xZCWuE9D94J8ZPbkd,A9aoE41kUqsKcYGSr5hvhZ2hJF5xZCWuE9D94J8ZPbkd,Duxeg8HrG89Dq95oyiydrnFd8irZhjApGZu8PYrEpump,2026-02-26 10:32:42,0.0005590880131573,0.0006959319533141,0.0007824292629314,0.000979796688438,0.0004878175197145,False,True,WIN,43.53
1fb0d57e,2026-02-26 09:29:40,1772065780,gork,$1M〜$5M,1087994,126623,0.0011044965630155,-0.0001861888052636,0.0031695931522623,1.6,0.0005162741473116,0.0012764665627618,49.84,0.23,23,0.0,0.0,0.0,15.0,3.1,0.0,5.0,4,やや安値圏,0.323,-13.47,8,2,0.25,0.346,15,75,2.5,4.0,3.0,False,50,https://www.geckoterminal.com/solana/pools/FTVfrnFb48apSPKTBkB5cdTu6AiTRSX5wdV68uTrPiWu,FTVfrnFb48apSPKTBkB5cdTu6AiTRSX5wdV68uTrPiWu,gorkrgj6k4K449Qa4eF1NaWC5cNLQtMsVEikhpGn7fC,2026-02-26 10:33:15,0.0009074212056022,0.0009697698829242,0.000987715665009,0.001122014979199,0.0007697256437161,False,False,LOSS-,-10.57
656a9585,2026-02-26 09:30:14,1772065814,PENGUIN,$5M〜$50M,7137495,461837,0.0071377759584164,0.0068290197692134,0.0076780992895216,1.75,0.0001543780946014,0.0070774741854921,52.38,0.02,55,0.0,20.0,20.0,15.0,0.0,0.0,0.0,3,中間,0.458,0.85,13,0,0.0,0.139,15,72,2.0,3.5,2.0,True,50,https://www.geckoterminal.com/solana/pools/DRAf8QxQY86h7yeHdo9GytXAF6GoTTT8oZjknwXV6dCS,DRAf8QxQY86h7yeHdo9GytXAF6GoTTT8oZjknwXV6dCS,8Jx8AAHj86wbQgUTjGuj6GTTL5Ps3cqxKRTvpaJApump,2026-02-26 10:33:18,0.0071475981313571,0.0071001833537372,0.0072119719976107,0.007241668670291,0.007053293900129,False,False,WIN+,1.04
700ec572,2026-02-26 09:30:17,1772065817,maxxing,$1M〜$5M,3327608,226985,0.003328855760977,0.0025992528738631,0.0044962203803591,1.6,0.0002918411548455,0.0030379589815982,52.46,0.58,50,0.0,20.0,20.0,15.0,0.0,0.0,-5.0,2,やや高値圏,0.559,9.58,19,1,0.053,0.146,15,75,2.5,4.0,3.0,True,50,https://www.geckoterminal.com/solana/pools/DMnTidVC8dMxRxUzFyZ4StQkbS4R8ACwxhNsEyi6u3Lx,DMnTidVC8dMxRxUzFyZ4StQkbS4R8ACwxhNsEyi6u3Lx,32CdQdBUxbCsLy5AUHWmyidfwhgGUr9N573NBUrDpump,2026-02-26 10:33:31,0.0030857798322696,0.0030715770982833,0.0032318207179566,0.0033364238877648,0.0029696804152826,False,False,LOSS-,-2.91
22465740,2026-02-26 09:39:33,1772066373,GROKIUS,$1M〜$5M,2192196,160403,0.0021922314592127,0.0016765247033194,0.003017362268642,1.6,0.0002062827023573,0.0032414343081909,25.58,0.36,25,0.0,0.0,0.0,15.0,0.0,0.0,10.0,5,強い安値圏,0.076,-32.37,6,0,0.0,0.227,15,75,2.5,4.0,3.0,False,50,https://www.geckoterminal.com/solana/pools/HUsE3ouq2rL2egjy1hURxYiiQw4uuv4QDdvpYedQ8Rdh,HUsE3ouq2rL2egjy1hURxYiiQw4uuv4QDdvpYedQ8Rdh,67ezHLk8PUkjJCXjmmgPbx85VowA52ghfRXa9A8Tpump,2026-02-26 10:46:55,0.0022249154836026,0.002824226489194,0.002845911881678,0.0029459591567553,0.0020785679198143,False,False,WIN+,29.82
2597074b,2026-02-26 09:39:35,1772066375,GME,$1M〜$5M,4720845,1256161,0.0006856574499703,0.0006547611549693,0.0007350915219719,1.6,1.2358518000401717e-05,0.0007694711992077,40.2,0.31,25,0.0,0.0,0.0,15.0,5.1,0.0,5.0,4,やや安値圏,0.284,-10.89,9,3,0.333,0.393,15,75,2.5,4.0,3.0,False,50,https://www.geckoterminal.com/solana/pools/9tz6vYKiBDLYx2RnGWC5tESu4pyVE4jD6Tm56352UGte,9tz6vYKiBDLYx2RnGWC5tESu4pyVE4jD6Tm56352UGte,8wXtPeU6557ETkp9WHFY1n1EcU6NxDvbAggHGsMYiHsB,2026-02-26 10:46:58,0.0006836142506541,0.000686535229187,0.0006811320613247,0.0006880528730989,0.0006803512781939,False,False,LOSS-,-0.66
e3b18a78,2026-02-26 09:39:38,1772066378,PMPR,$300K〜$1M,651753,73699,0.0006255731999345,0.0004237167003425,0.0009620006992546,1.67,6.728549986401324e-05,0.0006701746708837,56.77,1.41,41,0.0,0.0,20.0,15.0,0.9,0.0,5.0,4,やや安値圏,0.344,-6.66,2,0,0.0,0.357,5,85,3.0,5.0,4.0,False,50,https://www.geckoterminal.com/solana/pools/BCH5me3iiBAYviFWdzH134JVGN6UdbUMbGMJJhT8JJ4K,BCH5me3iiBAYviFWdzH134JVGN6UdbUMbGMJJhT8JJ4K,AX9D7Nqtu3enaeL4ELxoagsNV7AyEQEhK2ziwiyJpump,2026-02-26 10:47:01,0.0006140855396415,0.0006897771447124,0.0006198571385066,0.0007307497501376,0.0005754447948833,False,False,LOSS-,-0.91
5e3a7ebf,2026-02-26 09:49:33,1772066973,MOLTID,$1M〜$5M,1039616,123547,0.0010396165952831,0.0005294212258615,0.0018559291863575,1.6,0.0002040781477686,0.0010650739125174,55.73,0.01,35,0.0,0.0,20.0,15.0,0.0,0.0,0.0,3,中間,0.558,-2.39,5,0,0.0,0.25,15,75,2.5,4.0,3.0,False,50,https://www.geckoterminal.com/solana/pools/5yvbbB9pfgwMaPVKcjBiW6fcdqc4h15CKSinseu7jG85,5yvbbB9pfgwMaPVKcjBiW6fcdqc4h15CKSinseu7jG85,moLtguTf84g34S34PbnJDRKR1FXb5di1UCRsnB7hKjE,2026-02-26 11:01:55,0.0011101399555844,0.0012180705541236,0.0011682127452898,0.0012604183305963,0.0010383535568476,False,False,WIN+,12.37
c6a9819b,2026-02-26 09:49:35,1772066975,WAR,$5M〜$50M,17426164,538186,0.0174261640068645,0.0162253186467526,0.0195276433870604,1.75,0.0006004226800559,0.0176499672962907,50.59,0.13,40,0.0,0.0,20.0,15.0,0.0,0.0,5.0,4,やや安値圏,0.366,-1.27,18,0,0.0,0.109,15,72,2.0,3.5,2.0,False,50,https://www.geckoterminal.com/solana/pools/qNAGLPKnYzNtf5iJHdki9Prgodgra5BnadACgecdsjw,qNAGLPKnYzNtf5iJHdki9Prgodgra5BnadACgecdsjw,8opvqaWysX1oYbXuTL8PHaoaTiXD69VFYAX4smPebonk,2026-02-26 11:01:58,0.0184027707314848,0.0175686562642468,0.0176432858825593,0.0185530243302442,0.0173963102664547,False,False,WIN+,1.25
8a790d77,2026-02-26 09:54:32,1772067272,MACMINI,$1M〜$5M,2042983,144746,0.0020429839358647,0.0014975689813665,0.0029156478630618,1.6,0.0002181659817992,0.0023369364549916,37.23,0.01,20,0.0,0.0,0.0,15.0,0.4,0.0,5.0,4,やや安値圏,0.202,-12.58,4,0,0.0,0.278,15,75,2.5,4.0,3.0,False,50,https://www.geckoterminal.com/solana/pools/FV7QJ4FSZFpkvSNPEaJBZLVJxe4XjgoNFBwBGGf2vTRF,FV7QJ4FSZFpkvSNPEaJBZLVJxe4XjgoNFBwBGGf2vTRF,2QKrBtNECja4cJygxA7igwqxahs93GNmuQ2We2stpump,2026-02-26 11:02:00,0.0021375783728102,0.0020976129128884,0.0020741949683268,0.0021580030498497,0.0020429839358647,False,False,WIN+,1.53
d5cf26e5,2026-02-26 09:54:35,1772067275,DARWIN,$300K〜$1M,725329,77079,0.0007266280417165,0.0004523813194119,0.0011837059122243,1.67,9.141557410155978e-05,0.0005899385955821,49.69,0.88,37,0.0,20.0,0.0,15.0,2.0,0.0,0.0,3,中間,0.358,23.17,2,1,0.5,0.5,5,85,3.0,5.0,4.0,False,50,https://www.geckoterminal.com/solana/pools/J8TNxugiH4QFC9Btciknngt9xozrV4Pq1Qqj9Ak6g1XV,J8TNxugiH4QFC9Btciknngt9xozrV4Pq1Qqj9Ak6g1XV,3o28iKESnNvi7xQcPTxg9aczjzqZN6BzugJFMRHYpump,2026-02-26 11:02:03,0.000725855039108,0.0006180108414819,0.0005935615753957,0.0007748766942387,0.0004794180635403,False,False,LOSS-,-18.31
b50426b5,2026-02-26 09:59:34,1772067574,PIGEON,$300K〜$1M,526527,99714,0.0005210613001463,0.0004440752216488,0.0006493714309754,1.67,2.566202616582e-05,0.0004536903643332,74.03,0.59,46,0.0,20.0,20.0,15.0,0.8,0.0,-10.0,1,強い高値圏,0.741,14.85,3,0,0.0,0.312,5,85,3.0,5.0,4.0,False,50,https://www.geckoterminal.com/solana/pools/CimyjC9gZZwmX3FANaCm45gSWAFrLCtB6NQWjDNZkjgX,CimyjC9gZZwmX3FANaCm45gSWAFrLCtB6NQWjDNZkjgX,GB8KtQfMChhYrCYtd5PoAB42kAdkHnuyAincSSmFpump,2026-02-26 11:02:06,0.000506252059415,0.0004806881190207,0.0005108361862367,0.0005320618136296,0.0004653780220199,False,False,LOSS-,-1.96
90999cbe,2026-02-26 09:59:36,1772067576,NIRE,$1M〜$5M,1125813,130185,0.0010954402844935,0.0001015500234689,0.0026856647021329,1.6,0.0003975561044098,0.0012484756557117,39.92,0.6,21,0.0,0.0,0.0,15.0,0.9,0.0,5.0,4,やや安値圏,0.311,-12.26,2,0,0.0,0.357,15,75,2.5,4.0,3.0,False,50,https://www.geckoterminal.com/solana/pools/Gwqf2oUbkvWUVvPkp4NivcAgZMfUS845KX5cWfjrZW8D,Gwqf2oUbkvWUVvPkp4NivcAgZMfUS845KX5cWfjrZW8D,7nePAcJhg88s1KFJptgaBvzYgHaUDzddgU65Etvtpump,2026-02-26 11:02:09,0.0012319026614572,0.0013162282440075,0.0014554558523586,0.0015550343911308,0.0010605251253709,False,False,WIN+,32.86
d2d7639d,2026-02-26 10:09:32,1772068172,BigTrout,$300K〜$1M,784200,129511,0.0008277056747416,0.0007849988302631,0.0008988837488723,1.67,1.4235614826148748e-05,0.0008379012200276,47.95,0.72,16,0.0,0.0,0.0,15.0,0.9,0.0,0.0,3,中間,0.429,-1.22,2,0,0.0,0.357,5,85,3.0,5.0,4.0,False,50,https://www.geckoterminal.com/solana/pools/84Q5fsB6dhvsYHqDfkBXDvdfmSiweLeZwGmUtD1fUBAc,84Q5fsB6dhvsYHqDfkBXDvdfmSiweLeZwGmUtD1fUBAc,EKwF2HD6X4rHHr4322EJeK9QBGkqhpHZQSanSUmWkecG,2026-02-26 11:16:55,0.0008347578067965,0.0008100123374029,0.0008031250270411,0.0008426659085504,0.0008031250270411,False,False,LOSS-,-2.97
76a9ea1b,2026-02-26 10:19:32,1772068772,Pigeon,$1M〜$5M,2576404,205146,0.002574749992721,0.0021601311098988,0.0032381402052365,1.6,0.0001658475531288,0.0024189515363651,43.73,0.31,35,0.0,20.0,0.0,15.0,0.0,0.0,0.0,3,中間,0.496,6.44,16,1,0.062,0.167,15,75,2.5,4.0,3.0,False,50,https://www.geckoterminal.com/solana/pools/FXRvcgMQfgj3WrmUXGh8qhVLaU3Q4T7jQeKBoqhVecR7,FXRvcgMQfgj3WrmUXGh8qhVLaU3Q4T7jQeKBoqhVecR7,4fSWEw2wbYEUCcMtitzmeGUfqinoafXxkhqZrA9Gpump,2026-02-26 11:31:55,0.0024162241054804,0.0024988860618563,0.0025610932800055,0.0027421734209369,0.0023630653541315,False,False,LOSS-,-0.53
ced41e94,2026-02-26 10:34:32,1772069672,gork,$1M〜$5M,1051322,124267,0.0010343877765775,-1.1029492040301804e-05,0.0027070554063662,1.6,0.0004181669074471,0.0012645366249099,49.78,0.04,22,0.0,0.0,0.0,15.0,2.0,0.0,5.0,4,やや安値圏,0.303,-18.2,10,2,0.2,0.3,15,75,2.5,4.0,3.0,False,50,https://www.geckoterminal.com/solana/pools/FTVfrnFb48apSPKTBkB5cdTu6AiTRSX5wdV68uTrPiWu,FTVfrnFb48apSPKTBkB5cdTu6AiTRSX5wdV68uTrPiWu,gorkrgj6k4K449Qa4eF1NaWC5cNLQtMsVEikhpGn7fC,2026-02-26 11:46:55,0.001040016752004,0.0009381773333437,0.0017527037710536,0.0020293294588609,0.0008560697708152,False,False,WIN+,69.44
e6bd5fe4,2026-02-26 10:34:35,1772069675,AUTISM,$300K〜$1M,768937,86201,0.0007796891070097,0.0005927813744117,0.0010912019946731,1.67,6.230257753266704e-05,0.0010751894826613,40.04,0.5,25,0.0,0.0,0.0,15.0,0.4,0.0,10.0,5,強い安値圏,0.122,-27.48,4,0,0.0,0.278,5,85,3.0,5.0,4.0,False,50,https://www.geckoterminal.com/solana/pools/8QYcaoqEcJ12N1CE5Wn8YqoDAidM3kH4QL9o78ibEE8w,8QYcaoqEcJ12N1CE5Wn8YqoDAidM3kH4QL9o78ibEE8w,8jiVXftnn2ZG6bugK7HAH5j2G3D6TpsG521gqsWwpump,2026-02-26 11:46:58,0.0007546660611061,0.0007930380952401,0.0009371358752014,0.0009901436168899,0.0006930812908762,False,False,WIN+,20.19
54be0555,2026-02-26 10:34:49,1772069689,PENGUIN,$5M〜$50M,7202824,460018,0.0072031080989572,0.0069305126109412,0.0076801502029852,1.75,0.000136297744008,0.0070792610378906,57.43,1.42,51,0.7,20.0,20.0,15.0,0.0,0.0,-5.0,2,やや高値圏,0.505,1.75,21,0,0.0,0.096,15,72,2.0,3.5,2.0,True,50,https://www.geckoterminal.com/solana/pools/DRAf8QxQY86h7yeHdo9GytXAF6GoTTT8oZjknwXV6dCS,DRAf8QxQY86h7yeHdo9GytXAF6GoTTT8oZjknwXV6dCS,8Jx8AAHj86wbQgUTjGuj6GTTL5Ps3cqxKRTvpaJApump,2026-02-26 11:47:01,0.0072555257126729,0.007076314481925,0.0069937339215975,0.0072685832506084,0.0069660415970986,False,False,LOSS-,-2.91
744d24e8,2026-02-26 10:35:02,1772069702,AgenC,$1M〜$5M,1865679,129682,0.0018693424855045,0.001197196533896,0.0029447760080782,1.6,0.0002688583806434,0.0030013805540147,43.7,0.16,25,0.0,0.0,0.0,15.0,0.0,0.0,10.0,5,強い安値圏,0.175,-37.72,6,0,0.0,0.227,15,75,2.5,4.0,3.0,False,50,https://www.geckoterminal.com/solana/pools/BUMh6YebpBvAh4by4oTGJUvzQ9CvH6dqPgrZvXFDMwC1,BUMh6YebpBvAh4by4oTGJUvzQ9CvH6dqPgrZvXFDMwC1,5yC9BM8KUsJTPbWPLfA2N8qH1s9V8DQ3Vcw1G6Jdpump,2026-02-26 11:47:04,0.001930105272829,0.0019454445829293,0.0019351107195861,0.0019946409547395,0.0017385886042628,False,False,WIN+,3.52
41da9219,2026-02-26 10:35:14,1772069714,maxxing,$1M〜$5M,3180160,223190,0.0031805313446302,0.0025588015124424,0.0041752990761307,1.6,0.0002486919328751,0.0030725810696709,48.48,0.02,35,0.0,20.0,0.0,15.0,0.0,0.0,0.0,3,中間,0.443,3.51,13,1,0.077,0.194,15,75,2.5,4.0,3.0,False,50,https://www.geckoterminal.com/solana/pools/DMnTidVC8dMxRxUzFyZ4StQkbS4R8ACwxhNsEyi6u3Lx,DMnTidVC8dMxRxUzFyZ4StQkbS4R8ACwxhNsEyi6u3Lx,32CdQdBUxbCsLy5AUHWmyidfwhgGUr9N573NBUrDpump,2026-02-26 11:47:07,0.0029675677186051,0.0029313451254398,0.0029537392779063,0.003196903439671,0.0027894404313468,False,False,LOSS-,-7.13
a49e956f,2026-02-26 10:35:27,1772069727,Punch,$5M〜$50M,23190861,745799,0.0232530600284703,0.0205621462793456,0.0279621590894387,1.75,0.0013454568745623,0.0306568277131556,53.98,0.15,40,0.0,0.0,20.0,15.0,0.0,0.0,5.0,4,やや安値圏,0.119,-24.15,12,0,0.0,0.147,15,72,2.0,3.5,2.0,False,50,https://www.geckoterminal.com/solana/pools/A6KHMiFzn9AM7VKBtVP4fZNY9bCo2jP63R9dphaW1vrq,A6KHMiFzn9AM7VKBtVP4fZNY9bCo2jP63R9dphaW1vrq,NV2RYH954cTJ3ckFUpvfqaQXU4ARqqDH3562nFSpump,2026-02-26 11:47:09,0.0230637214020309,0.022104230120024,0.0227186259078401,0.0234289480001445,0.0218911990657934,False,False,LOSS-,-2.3
bc8f1427,2026-02-26 10:39:32,1772069972,gork,$1M〜$5M,4875583,642298,0.0047734187600987,0.0025657484758828,0.0083056912148442,1.6,0.0008830681136863,0.0073015339714633,32.24,0.13,27,0.0,0.0,0.0,15.0,7.0,0.0,5.0,4,やや安値圏,0.304,-34.62,15,6,0.4,0.425,15,75,2.5,4.0,3.0,False,50,https://www.geckoterminal.com/solana/pools/37iWFSqgnTSAfShoBTBzQghwsTtkWAZW3yVzgJWKn6iK,37iWFSqgnTSAfShoBTBzQghwsTtkWAZW3yVzgJWKn6iK,38PgzpJYu2HkiYvV8qePFakB8tuobPdGm2FFEn7Dpump,2026-02-26 11:47:42,0.0045805523597089,0.0048214950801777,0.0045700368916458,0.0050464625642118,0.0043153132271937,False,False,LOSS-,-4.26
630170be,2026-02-26 10:39:35,1772069975,Pippkin,$1M〜$5M,2705826,153235,0.0027331984498164,0.0019057435948227,0.0040571262178062,1.6,0.0003309819419974,0.0032448435705867,47.59,0.25,20,0.0,0.0,0.0,15.0,0.0,0.0,5.0,4,やや安値圏,0.254,-15.77,6,0,0.0,0.227,15,75,2.5,4.0,3.0,False,50,https://www.geckoterminal.com/solana/pools/GGTdMaanNbGtDd8pGq6JbbSVBcEWbPTggy1VN5TFxDV3,GGTdMaanNbGtDd8pGq6JbbSVBcEWbPTggy1VN5TFxDV3,6ydMmFRaNt4AHBjgvSogbBvcxnTrX3QzUe2AEzVppump,2026-02-26 11:48:15,0.0027937909940864,0.0028635695261299,0.0025765632113504,0.0029096954085293,0.0025534257061776,False,False,LOSS-,-5.73
e4e50db7,2026-02-26 10:44:33,1772070273,Lobstar,$1M〜$5M,4551996,316419,0.0045175375908719,0.0031845012650151,0.0066503957122429,1.6,0.0005332145303427,0.0054666456650147,51.94,0.29,40,0.0,0.0,20.0,15.0,0.4,0.0,5.0,4,やや安値圏,0.299,-17.36,4,0,0.0,0.278,15,75,2.5,4.0,3.0,False,50,https://www.geckoterminal.com/solana/pools/AADJrfmWoHVXZhF1UkbHvNC5tqrBpkGdSaxtMYteDm2x,AADJrfmWoHVXZhF1UkbHvNC5tqrBpkGdSaxtMYteDm2x,AVF9F4C4j8b1Kh4BmNHqybDaHgnZpJ7W7yLvL7hUpump,2026-02-26 11:48:18,0.0042707705528553,0.0039816032467376,0.0039785390452408,0.0046170316681842,0.0037354008677766,False,False,LOSS-,-11.93
0a6cfeca,2026-02-26 10:49:33,1772070573,GME,$1M〜$5M,4717530,1251801,0.0006851759226724,0.0006602595920126,0.000725042051728,1.6,9.966532263919462e-06,0.0007704972581637,42.76,0.01,26,0.0,0.0,0.0,15.0,5.8,0.0,5.0,4,やや安値圏,0.258,-11.07,7,3,0.429,0.458,15,75,2.5,4.0,3.0,False,50,https://www.geckoterminal.com/solana/pools/9tz6vYKiBDLYx2RnGWC5tESu4pyVE4jD6Tm56352UGte,9tz6vYKiBDLYx2RnGWC5tESu4pyVE4jD6Tm56352UGte,8wXtPeU6557ETkp9WHFY1n1EcU6NxDvbAggHGsMYiHsB,2026-02-26 12:01:55,0.0006822376185205,0.0006779030598724,0.0006821382008234,0.0006851759226724,0.0006733724546018,False,False,LOSS-,-0.44
35e21b5f,2026-02-26 10:49:35,1772070575,PMPR,$300K〜$1M,595295,69457,0.0005894002324325,0.0004414955453097,0.0008359080443038,1.67,4.930156237427034e-05,0.0006686808264397,43.74,0.35,20,0.0,0.0,0.0,15.0,0.0,0.0,5.0,4,やや安値圏,0.294,-11.86,8,0,0.0,0.192,5,85,3.0,5.0,4.0,False,50,https://www.geckoterminal.com/solana/pools/BCH5me3iiBAYviFWdzH134JVGN6UdbUMbGMJJhT8JJ4K,BCH5me3iiBAYviFWdzH134JVGN6UdbUMbGMJJhT8JJ4K,AX9D7Nqtu3enaeL4ELxoagsNV7AyEQEhK2ziwiyJpump,2026-02-26 12:01:58,0.0006233829231753,0.0005720582746936,0.000562891713299,0.0006937134395981,0.0005136402652172,False,False,LOSS-,-4.5
acbe6ecb,2026-02-26 10:49:38,1772070578,GROKIUS,$1M〜$5M,2747654,179179,0.0027291780535331,0.0021596641542262,0.0036404002924242,1.6,0.0002278055597227,0.0031639481649748,52.89,0.47,41,0.0,0.0,20.0,15.0,0.8,0.0,5.0,4,やや安値圏,0.318,-13.74,3,0,0.0,0.312,15,75,2.5,4.0,3.0,False,50,https://www.geckoterminal.com/solana/pools/HUsE3ouq2rL2egjy1hURxYiiQw4uuv4QDdvpYedQ8Rdh,HUsE3ouq2rL2egjy1hURxYiiQw4uuv4QDdvpYedQ8Rdh,67ezHLk8PUkjJCXjmmgPbx85VowA52ghfRXa9A8Tpump,2026-02-26 12:02:00,0.0026778701061191,0.0027314104378032,0.0027026432631366,0.0028883291232602,0.0025884227391955,False,False,LOSS-,-0.97
307bf12a,2026-02-26 10:54:33,1772070873,arc,$5M〜$50M,47617526,3032019,0.0472903031975255,0.0333762807669657,0.0716398424510052,1.75,0.0069570112152799,0.0918141437907336,18.48,0.47,26,0.0,0.0,0.0,15.0,1.2,0.0,10.0,5,強い安値圏,0.007,-48.49,7,1,0.143,0.292,15,72,2.0,3.5,2.0,False,50,https://www.geckoterminal.com/solana/pools/J3b6dvheS2Y1cbMtVz5TCWXNegSjJDbUKxdUVDPoqmS7,J3b6dvheS2Y1cbMtVz5TCWXNegSjJDbUKxdUVDPoqmS7,61V8vBaqAGMpgDQi4JcAwo1dmBGHsyhzodcPqnEVpump,2026-02-26 12:02:03,0.0481557369894885,0.043867145236404,0.0385125027415014,0.0505372993707315,0.0375138972525542,False,False,LOSS-,-18.56
7908ae1d,2026-02-26 10:54:36,1772070876,gork,$300K〜$1M,884153,130022,0.0008842087032681,0.0008222772975151,0.0009874277128563,1.67,2.064380191763989e-05,0.0011279576185846,34.9,1.26,25,0.0,0.0,0.0,15.0,0.0,0.0,10.0,5,強い安値圏,0.039,-21.61,12,0,0.0,0.147,5,85,3.0,5.0,4.0,False,50,https://www.geckoterminal.com/solana/pools/AZmU4Bv6TPHimgqBe5eRsRQ18KKKr2aemHdqmfbVKqvr,AZmU4Bv6TPHimgqBe5eRsRQ18KKKr2aemHdqmfbVKqvr,76EDL5qNcte2ZH29quTaFzagXjWAEY83CATEjyA6pump,2026-02-26 12:02:06,0.0008672172672966,0.0008650864838284,0.0008713292499591,0.0009058893990635,0.0008104070552574,True,False,LOSS,-1.46
249fe267,2026-02-26 11:04:32,1772071472,DARWIN,$300K〜$1M,627594,71548,0.0006231065591174,0.0003790719993177,0.0010298308254503,1.67,8.13448532665717e-05,0.0006030135149683,46.92,0.74,37,0.0,20.0,0.0,15.0,2.0,0.0,0.0,3,中間,0.254,3.33,5,1,0.2,0.35,5,85,3.0,5.0,4.0,False,50,https://www.geckoterminal.com/solana/pools/J8TNxugiH4QFC9Btciknngt9xozrV4Pq1Qqj9Ak6g1XV,J8TNxugiH4QFC9Btciknngt9xozrV4Pq1Qqj9Ak6g1XV,3o28iKESnNvi7xQcPTxg9aczjzqZN6BzugJFMRHYpump,,,,,,,,,OPEN,
df86aeb4,2026-02-26 11:04:36,1772071476,PIGEON,$300K〜$1M,508434,98154,0.0005140051417525,0.0004595174933745,0.0006048178890491,1.67,1.8162549459320487e-05,0.0004625382100084,68.42,0.25,61,0.0,20.0,20.0,15.0,11.2,0.0,-5.0,2,やや高値圏,0.714,11.13,11,6,0.545,0.531,5,85,3.0,5.0,4.0,True,50,https://www.geckoterminal.com/solana/pools/CimyjC9gZZwmX3FANaCm45gSWAFrLCtB6NQWjDNZkjgX,CimyjC9gZZwmX3FANaCm45gSWAFrLCtB6NQWjDNZkjgX,GB8KtQfMChhYrCYtd5PoAB42kAdkHnuyAincSSmFpump,,,,,,,,,OPEN,
25a18112,2026-02-26 11:04:39,1772071479,MOLTID,$1M〜$5M,1135834,129026,0.0011358345649739,0.0007325315671231,0.0017811193615352,1.6,0.0001613211991403,0.0010672966907454,56.22,0.0,50,0.0,20.0,20.0,15.0,0.0,0.0,-5.0,2,やや高値圏,0.638,6.42,6,0,0.0,0.227,15,75,2.5,4.0,3.0,True,50,https://www.geckoterminal.com/solana/pools/5yvbbB9pfgwMaPVKcjBiW6fcdqc4h15CKSinseu7jG85,5yvbbB9pfgwMaPVKcjBiW6fcdqc4h15CKSinseu7jG85,moLtguTf84g34S34PbnJDRKR1FXb5di1UCRsnB7hKjE,,,,,,,,,OPEN,
1b203d5f,2026-02-26 11:09:32,1772071772,WAR,$5M〜$50M,17295189,538203,0.0172951892730153,0.0160358794648987,0.0194989814372194,1.75,0.0006296549040583,0.0175686917680353,46.03,0.21,20,0.0,0.0,0.0,15.0,0.0,0.0,5.0,4,やや安値圏,0.346,-1.56,22,0,0.0,0.093,15,72,2.0,3.5,2.0,False,50,https://www.geckoterminal.com/solana/pools/qNAGLPKnYzNtf5iJHdki9Prgodgra5BnadACgecdsjw,qNAGLPKnYzNtf5iJHdki9Prgodgra5BnadACgecdsjw,8opvqaWysX1oYbXuTL8PHaoaTiXD69VFYAX4smPebonk,,,,,,,,,OPEN,
3b4324a3,2026-02-26 11:09:35,1772071775,MACMINI,$1M〜$5M,2038465,143482,0.0020384653954704,0.0016185673679854,0.0027103022394465,1.6,0.000167959210994,0.0023922227038667,38.36,0.01,27,0.0,0.0,0.0,15.0,1.6,0.0,10.0,5,強い安値圏,0.151,-14.79,6,1,0.167,0.318,15,75,2.5,4.0,3.0,False,50,https://www.geckoterminal.com/solana/pools/FV7QJ4FSZFpkvSNPEaJBZLVJxe4XjgoNFBwBGGf2vTRF,FV7QJ4FSZFpkvSNPEaJBZLVJxe4XjgoNFBwBGGf2vTRF,2QKrBtNECja4cJygxA7igwqxahs93GNmuQ2We2stpump,,,,,,,,,OPEN,
5dced9bb,2026-02-26 11:14:33,1772072073,Slurmit,$300K〜$1M,543471,66017,0.0005118275456831,0.0003000995271958,0.0008647075764952,1.67,7.057600616243204e-05,0.0002868272548671,80.62,1.27,45,0.0,20.0,20.0,15.0,0.0,0.0,-10.0,1,強い高値圏,0.657,78.44,11,0,0.0,0.156,5,85,3.0,5.0,4.0,False,50,https://www.geckoterminal.com/solana/pools/BoBE4Tt4yrrAfA6MEbDn9uLruqWyGrdmS3yw8FRgxMgu,BoBE4Tt4yrrAfA6MEbDn9uLruqWyGrdmS3yw8FRgxMgu,9MS4ptpnnJhBsWYShPw1tP1ykAmwEmkPXP9aLVpwpump,,,,,,,,,OPEN,
1845e30e,2026-02-26 11:19:34,1772072374,FOMO,$300K〜$1M,530347,59523,0.0005294024638168,0.0003002106713153,0.0009113887846527,1.67,7.639726416718389e-05,0.0005127636836568,57.55,0.46,58,0.0,20.0,20.0,15.0,7.6,0.0,-5.0,2,やや高値圏,0.591,3.24,12,5,0.417,0.441,5,85,3.0,5.0,4.0,True,50,https://www.geckoterminal.com/solana/pools/8o8Gvift3Uvppu74EDUx2x9368ZWuVXmiVAXVuZqs17p,8o8Gvift3Uvppu74EDUx2x9368ZWuVXmiVAXVuZqs17p,Huh3G975pLP3WTXKDnsaCTu7enAoFsHMFJCbFLeNpump,,,,,,,,,OPEN,
6de93f8b,2026-02-26 11:39:32,1772073572,67,$1M〜$5M,1918919,259422,0.0019196038831057,0.0017367921755222,0.0022121026152394,1.6,7.312468303342257e-05,0.0018937461949971,40.11,0.04,35,0.0,20.0,0.0,15.0,0.0,0.0,0.0,3,中間,0.455,1.37,9,0,0.0,0.179,15,75,2.5,4.0,3.0,False,50,https://www.geckoterminal.com/solana/pools/DMAFL613XTipuA3jFNYczavWT7XsiYf9cR3qmRMZQhB6,DMAFL613XTipuA3jFNYczavWT7XsiYf9cR3qmRMZQhB6,9AvytnUKsLxPxFHFqS6VLxaxt5p6BhYNr53SD2Chpump,,,,,,,,,OPEN,
20ba159d,2026-02-26 11:39:35,1772073575,Pigeon,$1M〜$5M,2576693,205358,0.0025995675939781,0.002179895555137,0.0032710428561239,1.6,0.0001678688155364,0.0024419062360863,48.88,0.38,30,0.0,20.0,0.0,15.0,0.0,0.0,-5.0,2,やや高値圏,0.514,6.46,9,1,0.111,0.25,15,75,2.5,4.0,3.0,False,50,https://www.geckoterminal.com/solana/pools/FXRvcgMQfgj3WrmUXGh8qhVLaU3Q4T7jQeKBoqhVecR7,FXRvcgMQfgj3WrmUXGh8qhVLaU3Q4T7jQeKBoqhVecR7,4fSWEw2wbYEUCcMtitzmeGUfqinoafXxkhqZrA9Gpump,,,,,,,,,OPEN,
3f4d42f4,2026-02-26 11:44:32,1772073872,HEMAN,$300K〜$1M,530121,65074,0.0004685004862166,0.000255274394762,0.0008238773053076,1.67,7.10753638181923e-05,0.0002046807585639,72.72,1.74,49,0.0,20.0,20.0,15.0,4.2,0.0,-10.0,1,強い高値圏,0.8,128.89,19,6,0.316,0.354,5,85,3.0,5.0,4.0,False,50,https://www.geckoterminal.com/solana/pools/DStQLCVRuDAo7ZkhnKjCQ3hPPdJwi87qK9PwqUWvyvXM,DStQLCVRuDAo7ZkhnKjCQ3hPPdJwi87qK9PwqUWvyvXM,FKmE18umq2tLxHES3UfDqzVuprC9BSoLPMDid3ihpump,,,,,,,,,OPEN,
933dcd59,2026-02-26 11:49:32,1772074172,PENGUIN,$5M〜$50M,6977943,452481,0.0069782181951535,0.0067279917369986,0.0074161144969245,1.75,0.0001251132290774,0.0070005318808147,40.95,0.1,15,0.0,0.0,0.0,15.0,0.0,0.0,0.0,3,中間,0.422,-0.32,7,0,0.0,0.208,15,72,2.0,3.5,2.0,False,50,https://www.geckoterminal.com/solana/pools/DRAf8QxQY86h7yeHdo9GytXAF6GoTTT8oZjknwXV6dCS,DRAf8QxQY86h7yeHdo9GytXAF6GoTTT8oZjknwXV6dCS,8Jx8AAHj86wbQgUTjGuj6GTTL5Ps3cqxKRTvpaJApump,,,,,,,,,OPEN,
4c9340cb,2026-02-26 11:49:35,1772074175,gork,$1M〜$5M,4560526,630087,0.0045304638207463,0.0026770175000024,0.0074959779339364,1.6,0.0007413785282975,0.0072191243233656,34.23,0.02,27,0.0,0.0,0.0,15.0,7.0,0.0,5.0,4,やや安値圏,0.286,-37.24,15,6,0.4,0.425,15,75,2.5,4.0,3.0,False,50,https://www.geckoterminal.com/solana/pools/37iWFSqgnTSAfShoBTBzQghwsTtkWAZW3yVzgJWKn6iK,37iWFSqgnTSAfShoBTBzQghwsTtkWAZW3yVzgJWKn6iK,38PgzpJYu2HkiYvV8qePFakB8tuobPdGm2FFEn7Dpump,,,,,,,,,OPEN,
c9ca343c,2026-02-26 11:49:38,1772074178,Lobstar,$1M〜$5M,3949885,293797,0.0039743246845018,0.0028205891736719,0.0058203015018297,1.6,0.0004614942043319,0.0053272462954415,43.73,0.04,25,0.0,0.0,0.0,15.0,0.0,0.0,10.0,5,強い安値圏,0.194,-25.4,9,0,0.0,0.179,15,75,2.5,4.0,3.0,False,50,https://www.geckoterminal.com/solana/pools/AADJrfmWoHVXZhF1UkbHvNC5tqrBpkGdSaxtMYteDm2x,AADJrfmWoHVXZhF1UkbHvNC5tqrBpkGdSaxtMYteDm2x,AVF9F4C4j8b1Kh4BmNHqybDaHgnZpJ7W7yLvL7hUpump,,,,,,,,,OPEN,
4593f4e9,2026-02-26 11:54:34,1772074474,gork,$1M〜$5M,1349654,142860,0.0013616518558567,0.0002447446055741,0.0031487034563087,1.6,0.000446762900113,0.0012825105187632,54.25,0.23,56,0.0,20.0,20.0,15.0,1.2,0.0,0.0,3,中間,0.399,6.17,11,2,0.182,0.281,15,75,2.5,4.0,3.0,True,50,https://www.geckoterminal.com/solana/pools/FTVfrnFb48apSPKTBkB5cdTu6AiTRSX5wdV68uTrPiWu,FTVfrnFb48apSPKTBkB5cdTu6AiTRSX5wdV68uTrPiWu,gorkrgj6k4K449Qa4eF1NaWC5cNLQtMsVEikhpGn7fC,,,,,,,,,OPEN,
3d3e8280,2026-02-26 11:54:37,1772074477,Pippkin,$1M〜$5M,2540126,148163,0.002575546003857,0.0018457363518549,0.0037432414470603,1.6,0.0002919238608008,0.0032758300685808,42.06,0.33,20,0.0,0.0,0.0,15.0,0.0,0.0,5.0,4,やや安値圏,0.203,-21.38,8,0,0.0,0.192,15,75,2.5,4.0,3.0,False,50,https://www.geckoterminal.com/solana/pools/GGTdMaanNbGtDd8pGq6JbbSVBcEWbPTggy1VN5TFxDV3,GGTdMaanNbGtDd8pGq6JbbSVBcEWbPTggy1VN5TFxDV3,6ydMmFRaNt4AHBjgvSogbBvcxnTrX3QzUe2AEzVppump,,,,,,,,,OPEN,
dd0752cd,2026-02-26 11:54:40,1772074480,AgenC,$1M〜$5M,1944850,132686,0.0019448500154627,0.0013490876439816,0.0028980698098323,1.6,0.0002383049485924,0.0031681416571819,50.41,0.09,40,0.0,0.0,20.0,15.0,0.0,0.0,5.0,4,やや安値圏,0.113,-38.61,7,0,0.0,0.208,15,75,2.5,4.0,3.0,False,50,https://www.geckoterminal.com/solana/pools/BUMh6YebpBvAh4by4oTGJUvzQ9CvH6dqPgrZvXFDMwC1,BUMh6YebpBvAh4by4oTGJUvzQ9CvH6dqPgrZvXFDMwC1,5yC9BM8KUsJTPbWPLfA2N8qH1s9V8DQ3Vcw1G6Jdpump,,,,,,,,,OPEN,
25a7dec8,2026-02-26 11:55:13,1772074513,Punch,$5M〜$50M,22464762,735341,0.0224717256707093,0.0200457733289965,0.0267171422687065,1.75,0.0012129761708563,0.0276720869905458,46.25,0.14,20,0.0,0.0,0.0,15.0,0.0,0.0,5.0,4,やや安値圏,0.108,-18.79,28,0,0.0,0.076,15,72,2.0,3.5,2.0,False,50,https://www.geckoterminal.com/solana/pools/A6KHMiFzn9AM7VKBtVP4fZNY9bCo2jP63R9dphaW1vrq,A6KHMiFzn9AM7VKBtVP4fZNY9bCo2jP63R9dphaW1vrq,NV2RYH954cTJ3ckFUpvfqaQXU4ARqqDH3562nFSpump,,,,,,,,,OPEN,
c1cbf83e,2026-02-26 11:59:33,1772074773,AUTISM,$1M〜$5M,1086187,102622,0.001048198708975,0.0006860225220898,0.0016276806079914,1.6,0.0001448704747541,0.0013494250918486,63.01,1.44,40,0.0,0.0,20.0,15.0,0.0,0.0,5.0,4,やや安値圏,0.26,-22.32,8,0,0.0,0.192,15,75,2.5,4.0,3.0,False,50,https://www.geckoterminal.com/solana/pools/8QYcaoqEcJ12N1CE5Wn8YqoDAidM3kH4QL9o78ibEE8w,8QYcaoqEcJ12N1CE5Wn8YqoDAidM3kH4QL9o78ibEE8w,8jiVXftnn2ZG6bugK7HAH5j2G3D6TpsG521gqsWwpump,,,,,,,,,OPEN,
aa26d94b,2026-02-26 12:04:32,1772075072,PMPR,$300K〜$1M,516944,65448,0.00052392064639,0.0003929567008646,0.0007421938889322,1.67,4.365464850845832e-05,0.0006817058596056,36.12,0.43,20,0.0,0.0,0.0,15.0,0.0,0.0,5.0,4,やや安値圏,0.202,-23.15,13,0,0.0,0.139,5,85,3.0,5.0,4.0,False,50,https://www.geckoterminal.com/solana/pools/BCH5me3iiBAYviFWdzH134JVGN6UdbUMbGMJJhT8JJ4K,BCH5me3iiBAYviFWdzH134JVGN6UdbUMbGMJJhT8JJ4K,AX9D7Nqtu3enaeL4ELxoagsNV7AyEQEhK2ziwiyJpump,,,,,,,,,OPEN,
8429ccc4,2026-02-26 12:04:34,1772075074,arc,$5M〜$50M,38611756,2728928,0.0382510777381852,0.0265070971294551,0.0588030438034628,1.75,0.005871990304365,0.0888585458186355,13.1,0.14,25,0.0,0.0,0.0,15.0,0.4,0.0,10.0,5,強い安値圏,0.008,-56.95,4,0,0.0,0.278,15,72,2.0,3.5,2.0,False,50,https://www.geckoterminal.com/solana/pools/J3b6dvheS2Y1cbMtVz5TCWXNegSjJDbUKxdUVDPoqmS7,J3b6dvheS2Y1cbMtVz5TCWXNegSjJDbUKxdUVDPoqmS7,61V8vBaqAGMpgDQi4JcAwo1dmBGHsyhzodcPqnEVpump,,,,,,,,,OPEN,
246112e0,2026-02-26 12:04:38,1772075078,TROLL,$5M〜$50M,17245358,1437223,0.0172645875978919,0.0169094411463133,0.0178860938881545,1.75,0.0001775732257893,0.0166792110543667,62.01,0.02,52,0.0,20.0,20.0,15.0,2.0,0.0,-5.0,2,やや高値圏,0.914,3.51,10,2,0.2,0.3,15,72,2.0,3.5,2.0,True,50,https://www.geckoterminal.com/solana/pools/4w2cysotX6czaUGmmWg13hDpY4QEMG2CzeKYEQyK9Ama,4w2cysotX6czaUGmmWg13hDpY4QEMG2CzeKYEQyK9Ama,5UUH9RTDiSpq6HKS6bp4NdU9PNJpXRXuiw6ShBTBhgH2,,,,,,,,,OPEN,
bf96e99f,2026-02-26 12:05:11,1772075111,gork,$300K〜$1M,887327,130485,0.0008873827673919,0.00082353781674,0.0009937910184785,1.67,2.128165021731564e-05,0.0010893349088494,54.06,0.25,40,0.0,0.0,20.0,15.0,0.0,0.0,5.0,4,やや安値圏,0.116,-18.54,12,1,0.083,0.206,5,85,3.0,5.0,4.0,False,50,https://www.geckoterminal.com/solana/pools/AZmU4Bv6TPHimgqBe5eRsRQ18KKKr2aemHdqmfbVKqvr,AZmU4Bv6TPHimgqBe5eRsRQ18KKKr2aemHdqmfbVKqvr,76EDL5qNcte2ZH29quTaFzagXjWAEY83CATEjyA6pump,,,,,,,,,OPEN,
5ade0a93,2026-02-26 12:09:32,1772075372,DATACLAW,$300K〜$1M,602579,75548,0.0006028579701065,0.0003631849800422,0.001002312953547,1.67,7.989099668809651e-05,0.0005668438790363,38.85,0.38,40,0.0,20.0,0.0,15.0,5.5,0.0,0.0,3,中間,0.523,6.35,17,6,0.353,0.386,5,85,3.0,5.0,4.0,False,50,https://www.geckoterminal.com/solana/pools/A9aoE41kUqsKcYGSr5hvhZ2hJF5xZCWuE9D94J8ZPbkd,A9aoE41kUqsKcYGSr5hvhZ2hJF5xZCWuE9D94J8ZPbkd,Duxeg8HrG89Dq95oyiydrnFd8irZhjApGZu8PYrEpump,,,,,,,,,OPEN,
ae9ae232,2026-02-26 12:09:35,1772075375,NIRE,$1M〜$5M,1311574,142982,0.0012971175555661727,0.0005022427525587257,0.0025689172403780876,1.6,0.0003179499212029788,0.0012515838181097964,49.55,0.34,36,0.0,20.0,0.0,15.0,0.9,0.0,0.0,3,中間,0.37,3.64,2,0,0.0,0.357,15,75,2.5,4.0,3.0,False,50,https://www.geckoterminal.com/solana/pools/Gwqf2oUbkvWUVvPkp4NivcAgZMfUS845KX5cWfjrZW8D,Gwqf2oUbkvWUVvPkp4NivcAgZMfUS845KX5cWfjrZW8D,7nePAcJhg88s1KFJptgaBvzYgHaUDzddgU65Etvtpump,,,,,,,,,OPEN,
